,metric_name,count_0,count_1,nobs_0,nobs_1,delta,lift,pvalue,statistic
0,Average Revenuer Per User Without Cancelllations,67558609.5443,68184801.29055,87670.0,87018.0,12.97000328730553,0.01683101822059351,,
0,Average Order Value,35714.0,35528.0,35714.0,35528.0,0.0,0.0,,
0,Canceled Orders per Orders,35714.0,35528.0,35714.0,35528.0,0.0,0.0,,
0,Average Revenue per Paying User Without Cancelation,67558609.5443,68184801.29055,87670.0,87018.0,12.97000328730553,0.01683101822059351,,
